{
  "battle_won_mean": [
    0.0,
    0.0,
    0.0,
    0.0,
    0.0,
    0.0
  ],
  "battle_won_mean_T": [
    10,
    10010,
    20010,
    30010,
    40010,
    50010
  ],
  "ep_length_mean": [
    10.0,
    10.0,
    10.0,
    10.0,
    10.0,
    10.0
  ],
  "ep_length_mean_T": [
    10,
    10010,
    20010,
    30010,
    40010,
    50010
  ],
  "episode": [
    1000,
    2000,
    3000,
    4000,
    5000
  ],
  "episode_T": [
    10000,
    20000,
    30000,
    40000,
    50000
  ],
  "epsilon": [
    1.0,
    0.981,
    0.962,
    0.9430000000000001,
    0.924,
    0.905
  ],
  "epsilon_T": [
    10,
    10010,
    20010,
    30010,
    40010,
    50010
  ],
  "gate_max": [
    0.8675380349159241,
    0.6683991551399231,
    0.6584952473640442,
    0.5263072848320007,
    0.49366238713264465,
    0.5339073538780212
  ],
  "gate_max_T": [
    320,
    10320,
    20320,
    30320,
    40320,
    50320
  ],
  "gate_mean": [
    0.4692828357219696,
    0.21627093851566315,
    0.2208898812532425,
    0.2023327350616455,
    0.17364907264709473,
    0.18343596160411835
  ],
  "gate_mean_T": [
    320,
    10320,
    20320,
    30320,
    40320,
    50320
  ],
  "gate_min": [
    0.10948795825242996,
    0.006420782767236233,
    0.022956978529691696,
    0.049936600029468536,
    0.022100530564785004,
    0.03441162407398224
  ],
  "gate_min_T": [
    320,
    10320,
    20320,
    30320,
    40320,
    50320
  ],
  "gate_std": [
    0.11913004517555237,
    0.09855429828166962,
    0.09414489567279816,
    0.059234462678432465,
    0.060125384479761124,
    0.0687670037150383
  ],
  "gate_std_T": [
    320,
    10320,
    20320,
    30320,
    40320,
    50320
  ],
  "grad_norm": [
    {
      "py/reduce": [
        {
          "py/function": "torch._utils._rebuild_tensor_v2"
        },
        {
          "py/tuple": [
            {
              "py/reduce": [
                {
                  "py/function": "torch.storage._load_from_bytes"
                },
                {
                  "py/tuple": [
                    {
                      "py/b64": "gAKKCmz8nEb5IGqoUBkugAJN6QMugAJ9cQAoWBAAAABwcm90b2NvbF92ZXJzaW9ucQFN6QNYDQAAAGxpdHRsZV9lbmRpYW5xAohYCgAAAHR5cGVfc2l6ZXNxA31xBChYBQAAAHNob3J0cQVLAlgDAAAAaW50cQZLBFgEAAAAbG9uZ3EHSwR1dS6AAihYBwAAAHN0b3JhZ2VxAGN0b3JjaApGbG9hdFN0b3JhZ2UKcQFYCgAAADE0NzUyOTQ4MzJxAlgGAAAAY3VkYTowcQNLAU50cQRRLoACXXEAWAoAAAAxNDc1Mjk0ODMycQFhLgEAAAAAAAAAUf3bRA=="
                    }
                  ]
                }
              ]
            },
            0,
            {
              "py/tuple": []
            },
            {
              "py/tuple": []
            },
            false,
            {
              "py/reduce": [
                {
                  "py/type": "collections.OrderedDict"
                },
                {
                  "py/tuple": []
                },
                null,
                null,
                {
                  "py/tuple": []
                }
              ]
            }
          ]
        }
      ]
    },
    {
      "py/reduce": [
        {
          "py/function": "torch._utils._rebuild_tensor_v2"
        },
        {
          "py/tuple": [
            {
              "py/reduce": [
                {
                  "py/function": "torch.storage._load_from_bytes"
                },
                {
                  "py/tuple": [
                    {
                      "py/b64": "gAKKCmz8nEb5IGqoUBkugAJN6QMugAJ9cQAoWBAAAABwcm90b2NvbF92ZXJzaW9ucQFN6QNYDQAAAGxpdHRsZV9lbmRpYW5xAohYCgAAAHR5cGVfc2l6ZXNxA31xBChYBQAAAHNob3J0cQVLAlgDAAAAaW50cQZLBFgEAAAAbG9uZ3EHSwR1dS6AAihYBwAAAHN0b3JhZ2VxAGN0b3JjaApGbG9hdFN0b3JhZ2UKcQFYCgAAADExODM2Mjk1ODRxAlgGAAAAY3VkYTowcQNLAU50cQRRLoACXXEAWAoAAAAxMTgzNjI5NTg0cQFhLgEAAAAAAAAAVV08QQ=="
                    }
                  ]
                }
              ]
            },
            0,
            {
              "py/tuple": []
            },
            {
              "py/tuple": []
            },
            false,
            {
              "py/reduce": [
                {
                  "py/type": "collections.OrderedDict"
                },
                {
                  "py/tuple": []
                },
                null,
                null,
                {
                  "py/tuple": []
                }
              ]
            }
          ]
        }
      ]
    },
    {
      "py/reduce": [
        {
          "py/function": "torch._utils._rebuild_tensor_v2"
        },
        {
          "py/tuple": [
            {
              "py/reduce": [
                {
                  "py/function": "torch.storage._load_from_bytes"
                },
                {
                  "py/tuple": [
                    {
                      "py/b64": "gAKKCmz8nEb5IGqoUBkugAJN6QMugAJ9cQAoWBAAAABwcm90b2NvbF92ZXJzaW9ucQFN6QNYDQAAAGxpdHRsZV9lbmRpYW5xAohYCgAAAHR5cGVfc2l6ZXNxA31xBChYBQAAAHNob3J0cQVLAlgDAAAAaW50cQZLBFgEAAAAbG9uZ3EHSwR1dS6AAihYBwAAAHN0b3JhZ2VxAGN0b3JjaApGbG9hdFN0b3JhZ2UKcQFYCgAAADE0ODAzMjM0ODhxAlgGAAAAY3VkYTowcQNLAU50cQRRLoACXXEAWAoAAAAxNDgwMzIzNDg4cQFhLgEAAAAAAAAAITcpQA=="
                    }
                  ]
                }
              ]
            },
            0,
            {
              "py/tuple": []
            },
            {
              "py/tuple": []
            },
            false,
            {
              "py/reduce": [
                {
                  "py/type": "collections.OrderedDict"
                },
                {
                  "py/tuple": []
                },
                null,
                null,
                {
                  "py/tuple": []
                }
              ]
            }
          ]
        }
      ]
    },
    {
      "py/reduce": [
        {
          "py/function": "torch._utils._rebuild_tensor_v2"
        },
        {
          "py/tuple": [
            {
              "py/reduce": [
                {
                  "py/function": "torch.storage._load_from_bytes"
                },
                {
                  "py/tuple": [
                    {
                      "py/b64": "gAKKCmz8nEb5IGqoUBkugAJN6QMugAJ9cQAoWBAAAABwcm90b2NvbF92ZXJzaW9ucQFN6QNYDQAAAGxpdHRsZV9lbmRpYW5xAohYCgAAAHR5cGVfc2l6ZXNxA31xBChYBQAAAHNob3J0cQVLAlgDAAAAaW50cQZLBFgEAAAAbG9uZ3EHSwR1dS6AAihYBwAAAHN0b3JhZ2VxAGN0b3JjaApGbG9hdFN0b3JhZ2UKcQFYCgAAADE0NzQ5NDY2NTZxAlgGAAAAY3VkYTowcQNLAU50cQRRLoACXXEAWAoAAAAxNDc0OTQ2NjU2cQFhLgEAAAAAAAAAyM9BQA=="
                    }
                  ]
                }
              ]
            },
            0,
            {
              "py/tuple": []
            },
            {
              "py/tuple": []
            },
            false,
            {
              "py/reduce": [
                {
                  "py/type": "collections.OrderedDict"
                },
                {
                  "py/tuple": []
                },
                null,
                null,
                {
                  "py/tuple": []
                }
              ]
            }
          ]
        }
      ]
    },
    {
      "py/reduce": [
        {
          "py/function": "torch._utils._rebuild_tensor_v2"
        },
        {
          "py/tuple": [
            {
              "py/reduce": [
                {
                  "py/function": "torch.storage._load_from_bytes"
                },
                {
                  "py/tuple": [
                    {
                      "py/b64": "gAKKCmz8nEb5IGqoUBkugAJN6QMugAJ9cQAoWBAAAABwcm90b2NvbF92ZXJzaW9ucQFN6QNYDQAAAGxpdHRsZV9lbmRpYW5xAohYCgAAAHR5cGVfc2l6ZXNxA31xBChYBQAAAHNob3J0cQVLAlgDAAAAaW50cQZLBFgEAAAAbG9uZ3EHSwR1dS6AAihYBwAAAHN0b3JhZ2VxAGN0b3JjaApGbG9hdFN0b3JhZ2UKcQFYCgAAADE0NzQ3MDczNjBxAlgGAAAAY3VkYTowcQNLAU50cQRRLoACXXEAWAoAAAAxNDc0NzA3MzYwcQFhLgEAAAAAAAAA3YWMPw=="
                    }
                  ]
                }
              ]
            },
            0,
            {
