{
  "battle_won_mean": [
    0.0,
    0.0,
    0.0,
    0.0,
    0.0,
    0.0
  ],
  "battle_won_mean_T": [
    10,
    10010,
    20010,
    30010,
    40010,
    50010
  ],
  "ep_length_mean": [
    10.0,
    10.0,
    10.0,
    10.0,
    10.0,
    10.0
  ],
  "ep_length_mean_T": [
    10,
    10010,
    20010,
    30010,
    40010,
    50010
  ],
  "episode": [
    1000,
    2000,
    3000,
    4000,
    5000
  ],
  "episode_T": [
    10000,
    20000,
    30000,
    40000,
    50000
  ],
  "epsilon": [
    1.0,
    0.981,
    0.962,
    0.9430000000000001,
    0.924,
    0.905
  ],
  "epsilon_T": [
    10,
    10010,
    20010,
    30010,
    40010,
    50010
  ],
  "gate_max": [
    0.9366204142570496,
    0.7197872996330261,
    0.7145349979400635,
    0.696698784828186,
    0.4441896975040436,
    0.4727725088596344
  ],
  "gate_max_T": [
    320,
    10320,
    20320,
    30320,
    40320,
    50320
  ],
  "gate_mean": [
    0.4653953015804291,
    0.4933019280433655,
    0.4429233968257904,
    0.3213716447353363,
    0.20456044375896454,
    0.18235109746456146
  ],
  "gate_mean_T": [
    320,
    10320,
    20320,
    30320,
    40320,
    50320
  ],
  "gate_min": [
    0.06653191149234772,
    0.21055388450622559,
    0.2102283239364624,
    0.06931664049625397,
    0.04466894641518593,
    0.039515335112810135
  ],
  "gate_min_T": [
    320,
    10320,
    20320,
    30320,
    40320,
    50320
  ],
  "gate_std": [
    0.13869087398052216,
    0.05900534242391586,
    0.059159744530916214,
    0.0923876091837883,
    0.05267629772424698,
    0.055170197039842606
  ],
  "gate_std_T": [
    320,
    10320,
    20320,
    30320,
    40320,
    50320
  ],
  "grad_norm": [
    {
      "py/reduce": [
        {
          "py/function": "torch._utils._rebuild_tensor_v2"
        },
        {
          "py/tuple": [
            {
              "py/reduce": [
                {
                  "py/function": "torch.storage._load_from_bytes"
                },
                {
                  "py/tuple": [
                    {
                      "py/b64": "gAKKCmz8nEb5IGqoUBkugAJN6QMugAJ9cQAoWBAAAABwcm90b2NvbF92ZXJzaW9ucQFN6QNYDQAAAGxpdHRsZV9lbmRpYW5xAohYCgAAAHR5cGVfc2l6ZXNxA31xBChYBQAAAHNob3J0cQVLAlgDAAAAaW50cQZLBFgEAAAAbG9uZ3EHSwR1dS6AAihYBwAAAHN0b3JhZ2VxAGN0b3JjaApGbG9hdFN0b3JhZ2UKcQFYCQAAADgwMDAxNDA0OHECWAYAAABjdWRhOjBxA0sBTnRxBFEugAJdcQBYCQAAADgwMDAxNDA0OHEBYS4BAAAAAAAAAHzAmUU="
                    }
                  ]
                }
              ]
            },
            0,
            {
              "py/tuple": []
            },
            {
              "py/tuple": []
            },
            false,
            {
              "py/reduce": [
                {
                  "py/type": "collections.OrderedDict"
                },
                {
                  "py/tuple": []
                },
                null,
                null,
                {
                  "py/tuple": []
                }
              ]
            }
          ]
        }
      ]
    },
    {
      "py/reduce": [
        {
          "py/function": "torch._utils._rebuild_tensor_v2"
        },
        {
          "py/tuple": [
            {
              "py/reduce": [
                {
                  "py/function": "torch.storage._load_from_bytes"
                },
                {
                  "py/tuple": [
                    {
                      "py/b64": "gAKKCmz8nEb5IGqoUBkugAJN6QMugAJ9cQAoWBAAAABwcm90b2NvbF92ZXJzaW9ucQFN6QNYDQAAAGxpdHRsZV9lbmRpYW5xAohYCgAAAHR5cGVfc2l6ZXNxA31xBChYBQAAAHNob3J0cQVLAlgDAAAAaW50cQZLBFgEAAAAbG9uZ3EHSwR1dS6AAihYBwAAAHN0b3JhZ2VxAGN0b3JjaApGbG9hdFN0b3JhZ2UKcQFYCQAAADY0MzQ1ODcwNHECWAYAAABjdWRhOjBxA0sBTnRxBFEugAJdcQBYCQAAADY0MzQ1ODcwNHEBYS4BAAAAAAAAAENrEkQ="
                    }
                  ]
                }
              ]
            },
            0,
            {
              "py/tuple": []
            },
            {
              "py/tuple": []
            },
            false,
            {
              "py/reduce": [
                {
                  "py/type": "collections.OrderedDict"
                },
                {
                  "py/tuple": []
                },
                null,
                null,
                {
                  "py/tuple": []
                }
              ]
            }
          ]
        }
      ]
    },
    {
      "py/reduce": [
        {
          "py/function": "torch._utils._rebuild_tensor_v2"
        },
        {
          "py/tuple": [
            {
              "py/reduce": [
                {
                  "py/function": "torch.storage._load_from_bytes"
                },
                {
                  "py/tuple": [
                    {
                      "py/b64": "gAKKCmz8nEb5IGqoUBkugAJN6QMugAJ9cQAoWBAAAABwcm90b2NvbF92ZXJzaW9ucQFN6QNYDQAAAGxpdHRsZV9lbmRpYW5xAohYCgAAAHR5cGVfc2l6ZXNxA31xBChYBQAAAHNob3J0cQVLAlgDAAAAaW50cQZLBFgEAAAAbG9uZ3EHSwR1dS6AAihYBwAAAHN0b3JhZ2VxAGN0b3JjaApGbG9hdFN0b3JhZ2UKcQFYCQAAADkwNTQwMjUyOHECWAYAAABjdWRhOjBxA0sBTnRxBFEugAJdcQBYCQAAADkwNTQwMjUyOHEBYS4BAAAAAAAAAGAmyEE="
                    }
                  ]
                }
              ]
            },
            0,
            {
              "py/tuple": []
            },
            {
              "py/tuple": []
            },
            false,
            {
              "py/reduce": [
                {
                  "py/type": "collections.OrderedDict"
                },
                {
                  "py/tuple": []
                },
                null,
                null,
                {
                  "py/tuple": []
                }
              ]
            }
          ]
        }
      ]
    },
    {
      "py/reduce": [
        {
          "py/function": "torch._utils._rebuild_tensor_v2"
        },
        {
          "py/tuple": [
            {
              "py/reduce": [
                {
                  "py/function": "torch.storage._load_from_bytes"
                },
                {
                  "py/tuple": [
                    {
                      "py/b64": "gAKKCmz8nEb5IGqoUBkugAJN6QMugAJ9cQAoWBAAAABwcm90b2NvbF92ZXJzaW9ucQFN6QNYDQAAAGxpdHRsZV9lbmRpYW5xAohYCgAAAHR5cGVfc2l6ZXNxA31xBChYBQAAAHNob3J0cQVLAlgDAAAAaW50cQZLBFgEAAAAbG9uZ3EHSwR1dS6AAihYBwAAAHN0b3JhZ2VxAGN0b3JjaApGbG9hdFN0b3JhZ2UKcQFYCQAAADgwMzgzNzkyMHECWAYAAABjdWRhOjBxA0sBTnRxBFEugAJdcQBYCQAAADgwMzgzNzkyMHEBYS4BAAAAAAAAAF4ErUA="
                    }
                  ]
                }
              ]
            },
            0,
            {
              "py/tuple": []
            },
            {
              "py/tuple": []
            },
            false,
            {
              "py/reduce": [
                {
                  "py/type": "collections.OrderedDict"
                },
                {
                  "py/tuple": []
                },
                null,
                null,
                {
                  "py/tuple": []
                }
              ]
            }
          ]
        }
      ]
    },
    {
      "py/reduce": [
        {
          "py/function": "torch._utils._rebuild_tensor_v2"
        },
        {
          "py/tuple": [
            {
              "py/reduce": [
                {
                  "py/function": "torch.storage._load_from_bytes"
                },
                {
                  "py/tuple": [
                    {
                      "py/b64": "gAKKCmz8nEb5IGqoUBkugAJN6QMugAJ9cQAoWBAAAABwcm90b2NvbF92ZXJzaW9ucQFN6QNYDQAAAGxpdHRsZV9lbmRpYW5xAohYCgAAAHR5cGVfc2l6ZXNxA31xBChYBQAAAHNob3J0cQVLAlgDAAAAaW50cQZLBFgEAAAAbG9uZ3EHSwR1dS6AAihYBwAAAHN0b3JhZ2VxAGN0b3JjaApGbG9hdFN0b3JhZ2UKcQFYCQAAADgwMzgyMzk2OHECWAYAAABjdWRhOjBxA0sBTnRxBFEugAJdcQBYCQAAADgwMzgyMzk2OHEBYS4BAAAAAAAAAIQXPUA="
                    }
                  ]
                }
              ]
            },
            0,
            {
              "py/tuple": []
