{
  "battle_won_mean": [
    0.0,
    0.0,
    0.0,
    0.0,
    0.0
  ],
  "battle_won_mean_T": [
    8,
    10018,
    20018,
    30023,
    40035
  ],
  "ep_length_mean": [
    8.0,
    12.784163473818646,
    12.72264631043257,
    12.428571428571429,
    12.330049261083744
  ],
  "ep_length_mean_T": [
    8,
    10018,
    20018,
    30023,
    40035
  ],
  "episode": [
    783,
    1569,
    2374,
    3186
  ],
  "episode_T": [
    10004,
    20004,
    30009,
    40021
  ],
  "epsilon": [
    1.0,
    0.9809924,
    0.9619924,
    0.9429829,
    0.9239601
  ],
  "epsilon_T": [
    8,
    10018,
    20018,
    30023,
    40035
  ],
  "gate_max": [
    1.6487890481948853,
    0.8943119049072266,
    0.7697240710258484,
    0.7341418862342834,
    0.6896520853042603
  ],
  "gate_max_T": [
    388,
    10388,
    20400,
    30413,
    40416
  ],
  "gate_mean": [
    0.9320489168167114,
    0.2813330292701721,
    0.1628311574459076,
    0.24213314056396484,
    0.30148524045944214
  ],
  "gate_mean_T": [
    388,
    10388,
    20400,
    30413,
    40416
  ],
  "gate_min": [
    0.35804101824760437,
    0.02017165720462799,
    0.018289770931005478,
    0.03767287731170654,
    0.04795023053884506
  ],
  "gate_min_T": [
    388,
    10388,
    20400,
    30413,
    40416
  ],
  "gate_std": [
    0.208786740899086,
    0.20947465300559998,
    0.13899095356464386,
    0.15967057645320892,
    0.1462615579366684
  ],
  "gate_std_T": [
    388,
    10388,
    20400,
    30413,
    40416
  ],
  "grad_norm": [
    {
      "py/reduce": [
        {
          "py/function": "torch._utils._rebuild_tensor_v2"
        },
        {
          "py/tuple": [
            {
              "py/reduce": [
                {
                  "py/function": "torch.storage._load_from_bytes"
                },
                {
                  "py/tuple": [
                    {
                      "py/b64": "gAKKCmz8nEb5IGqoUBkugAJN6QMugAJ9cQAoWBAAAABwcm90b2NvbF92ZXJzaW9ucQFN6QNYDQAAAGxpdHRsZV9lbmRpYW5xAohYCgAAAHR5cGVfc2l6ZXNxA31xBChYBQAAAHNob3J0cQVLAlgDAAAAaW50cQZLBFgEAAAAbG9uZ3EHSwR1dS6AAihYBwAAAHN0b3JhZ2VxAGN0b3JjaApGbG9hdFN0b3JhZ2UKcQFYCQAAADg3NTMzMTQ4OHECWAYAAABjdWRhOjBxA0sBTnRxBFEugAJdcQBYCQAAADg3NTMzMTQ4OHEBYS4BAAAAAAAAAEf7AUc="
                    }
                  ]
                }
              ]
            },
            0,
            {
              "py/tuple": []
            },
            {
              "py/tuple": []
            },
            false,
            {
              "py/reduce": [
                {
                  "py/type": "collections.OrderedDict"
                },
                {
                  "py/tuple": []
                },
                null,
                null,
                {
                  "py/tuple": []
                }
              ]
            }
          ]
        }
      ]
    },
    {
      "py/reduce": [
        {
          "py/function": "torch._utils._rebuild_tensor_v2"
        },
        {
          "py/tuple": [
            {
              "py/reduce": [
                {
                  "py/function": "torch.storage._load_from_bytes"
                },
                {
                  "py/tuple": [
                    {
                      "py/b64": "gAKKCmz8nEb5IGqoUBkugAJN6QMugAJ9cQAoWBAAAABwcm90b2NvbF92ZXJzaW9ucQFN6QNYDQAAAGxpdHRsZV9lbmRpYW5xAohYCgAAAHR5cGVfc2l6ZXNxA31xBChYBQAAAHNob3J0cQVLAlgDAAAAaW50cQZLBFgEAAAAbG9uZ3EHSwR1dS6AAihYBwAAAHN0b3JhZ2VxAGN0b3JjaApGbG9hdFN0b3JhZ2UKcQFYCQAAADgzNzgxMzE4NHECWAYAAABjdWRhOjBxA0sBTnRxBFEugAJdcQBYCQAAADgzNzgxMzE4NHEBYS4BAAAAAAAAAFdS+0I="
                    }
                  ]
                }
              ]
            },
            0,
            {
              "py/tuple": []
            },
            {
              "py/tuple": []
            },
            false,
            {
              "py/reduce": [
                {
                  "py/type": "collections.OrderedDict"
                },
                {
                  "py/tuple": []
                },
                null,
                null,
                {
                  "py/tuple": []
                }
              ]
            }
          ]
        }
      ]
    },
    {
      "py/reduce": [
        {
          "py/function": "torch._utils._rebuild_tensor_v2"
        },
        {
          "py/tuple": [
            {
              "py/reduce": [
                {
                  "py/function": "torch.storage._load_from_bytes"
                },
                {
                  "py/tuple": [
                    {
                      "py/b64": "gAKKCmz8nEb5IGqoUBkugAJN6QMugAJ9cQAoWBAAAABwcm90b2NvbF92ZXJzaW9ucQFN6QNYDQAAAGxpdHRsZV9lbmRpYW5xAohYCgAAAHR5cGVfc2l6ZXNxA31xBChYBQAAAHNob3J0cQVLAlgDAAAAaW50cQZLBFgEAAAAbG9uZ3EHSwR1dS6AAihYBwAAAHN0b3JhZ2VxAGN0b3JjaApGbG9hdFN0b3JhZ2UKcQFYCQAAADg0MjI5ODc1MnECWAYAAABjdWRhOjBxA0sBTnRxBFEugAJdcQBYCQAAADg0MjI5ODc1MnEBYS4BAAAAAAAAACp3J0M="
                    }
                  ]
                }
              ]
            },
            0,
            {
              "py/tuple": []
            },
            {
              "py/tuple": []
            },
            false,
            {
              "py/reduce": [
                {
                  "py/type": "collections.OrderedDict"
                },
                {
                  "py/tuple": []
                },
                null,
                null,
                {
                  "py/tuple": []
                }
              ]
            }
          ]
        }
      ]
    },
    {
      "py/reduce": [
        {
          "py/function": "torch._utils._rebuild_tensor_v2"
        },
        {
          "py/tuple": [
            {
              "py/reduce": [
                {
                  "py/function": "torch.storage._load_from_bytes"
                },
                {
                  "py/tuple": [
                    {
                      "py/b64": "gAKKCmz8nEb5IGqoUBkugAJN6QMugAJ9cQAoWBAAAABwcm90b2NvbF92ZXJzaW9ucQFN6QNYDQAAAGxpdHRsZV9lbmRpYW5xAohYCgAAAHR5cGVfc2l6ZXNxA31xBChYBQAAAHNob3J0cQVLAlgDAAAAaW50cQZLBFgEAAAAbG9uZ3EHSwR1dS6AAihYBwAAAHN0b3JhZ2VxAGN0b3JjaApGbG9hdFN0b3JhZ2UKcQFYCQAAADU0NjUyNDU3NnECWAYAAABjdWRhOjBxA0sBTnRxBFEugAJdcQBYCQAAADU0NjUyNDU3NnEBYS4BAAAAAAAAALVofUM="
                    }
                  ]
                }
              ]
            },
            0,
            {
              "py/tuple": []
            },
            {
              "py/tuple": []
            },
            false,
            {
              "py/reduce": [
                {
                  "py/type": "collections.OrderedDict"
                },
                {
                  "py/tuple": []
                },
                null,
                null,
                {
                  "py/tuple": []
                }
              ]
            }
          ]
        }
      ]
    },
    {
      "py/reduce": [
        {
          "py/function": "torch._utils._rebuild_tensor_v2"
        },
        {
          "py/tuple": [
            {
              "py/reduce": [
                {
                  "py/function": "torch.storage._load_from_bytes"
                },
                {
                  "py/tuple": [
                    {
                      "py/b64": "gAKKCmz8nEb5IGqoUBkugAJN6QMugAJ9cQAoWBAAAABwcm90b2NvbF92ZXJzaW9ucQFN6QNYDQAAAGxpdHRsZV9lbmRpYW5xAohYCgAAAHR5cGVfc2l6ZXNxA31xBChYBQAAAHNob3J0cQVLAlgDAAAAaW50cQZLBFgEAAAAbG9uZ3EHSwR1dS6AAihYBwAAAHN0b3JhZ2VxAGN0b3JjaApGbG9hdFN0b3JhZ2UKcQFYCQAAADU2NjQyODEyOHECWAYAAABjdWRhOjBxA0sBTnRxBFEugAJdcQBYCQAAADU2NjQyODEyOHEBYS4BAAAAAAAAADo2tkE="
                    }
                  ]
                }
              ]
            },
            0,
            {
              "py/tuple": []
            },
            {
              "py/tuple": []
            },
            false,
            {
              "py/reduce": [
                {
