{
  "battle_won_mean": [
    0.0,
    0.0,
    0.0,
    0.0,
    0.0
  ],
  "battle_won_mean_T": [
    14,
    10024,
    20025,
    30034,
    40041
  ],
  "ep_length_mean": [
    14.0,
    12.833333333333334,
    13.1419185282523,
    13.152431011826543,
    13.01300390117035
  ],
  "ep_length_mean_T": [
    14,
    10024,
    20025,
    30034,
    40041
  ],
  "episode": [
    780,
    1541,
    2301,
    3071
  ],
  "episode_T": [
    10010,
    20011,
    30014,
    40027
  ],
  "epsilon": [
    1.0,
    0.980981,
    0.9619791,
    0.942962,
    0.9239487
  ],
  "epsilon_T": [
    14,
    10024,
    20025,
    30034,
    40041
  ],
  "gate_max": [
    1.6345899105072021,
    1.2293922901153564,
    1.376640796661377,
    1.3100749254226685,
    1.3804796934127808
  ],
  "gate_max_T": [
    410,
    10415,
    20417,
    30424,
    40434
  ],
  "gate_mean": [
    0.9569966793060303,
    0.5180705785751343,
    0.5952019691467285,
    0.5772343873977661,
    0.5695460438728333
  ],
  "gate_mean_T": [
    410,
    10415,
    20417,
    30424,
    40434
  ],
  "gate_min": [
    0.21934767067432404,
    0.11943057179450989,
    0.1060294434428215,
    0.10425183922052383,
    0.094088114798069
  ],
  "gate_min_T": [
    410,
    10415,
    20417,
    30424,
    40434
  ],
  "gate_std": [
    0.25609877705574036,
    0.22216875851154327,
    0.26140841841697693,
    0.2545227110385895,
    0.24954521656036377
  ],
  "gate_std_T": [
    410,
    10415,
    20417,
    30424,
    40434
  ],
  "grad_norm": [
    {
      "py/reduce": [
        {
          "py/function": "torch._utils._rebuild_tensor_v2"
        },
        {
          "py/tuple": [
            {
              "py/reduce": [
                {
                  "py/function": "torch.storage._load_from_bytes"
                },
                {
                  "py/tuple": [
                    {
                      "py/b64": "gAKKCmz8nEb5IGqoUBkugAJN6QMugAJ9cQAoWBAAAABwcm90b2NvbF92ZXJzaW9ucQFN6QNYDQAAAGxpdHRsZV9lbmRpYW5xAohYCgAAAHR5cGVfc2l6ZXNxA31xBChYBQAAAHNob3J0cQVLAlgDAAAAaW50cQZLBFgEAAAAbG9uZ3EHSwR1dS6AAihYBwAAAHN0b3JhZ2VxAGN0b3JjaApGbG9hdFN0b3JhZ2UKcQFYCQAAADU4OTM2MTI5NnECWAYAAABjdWRhOjBxA0sBTnRxBFEugAJdcQBYCQAAADU4OTM2MTI5NnEBYS4BAAAAAAAAAPzCz0c="
                    }
                  ]
                }
              ]
            },
            0,
            {
              "py/tuple": []
            },
            {
              "py/tuple": []
            },
            false,
            {
              "py/reduce": [
                {
                  "py/type": "collections.OrderedDict"
                },
                {
                  "py/tuple": []
                },
                null,
                null,
                {
                  "py/tuple": []
                }
              ]
            }
          ]
        }
      ]
    },
    {
      "py/reduce": [
        {
          "py/function": "torch._utils._rebuild_tensor_v2"
        },
        {
          "py/tuple": [
            {
              "py/reduce": [
                {
                  "py/function": "torch.storage._load_from_bytes"
                },
                {
                  "py/tuple": [
                    {
                      "py/b64": "gAKKCmz8nEb5IGqoUBkugAJN6QMugAJ9cQAoWBAAAABwcm90b2NvbF92ZXJzaW9ucQFN6QNYDQAAAGxpdHRsZV9lbmRpYW5xAohYCgAAAHR5cGVfc2l6ZXNxA31xBChYBQAAAHNob3J0cQVLAlgDAAAAaW50cQZLBFgEAAAAbG9uZ3EHSwR1dS6AAihYBwAAAHN0b3JhZ2VxAGN0b3JjaApGbG9hdFN0b3JhZ2UKcQFYCQAAADU1NzA4NzIzMnECWAYAAABjdWRhOjBxA0sBTnRxBFEugAJdcQBYCQAAADU1NzA4NzIzMnEBYS4BAAAAAAAAAEd7WEU="
                    }
                  ]
                }
              ]
            },
            0,
            {
              "py/tuple": []
            },
            {
              "py/tuple": []
            },
            false,
            {
              "py/reduce": [
                {
                  "py/type": "collections.OrderedDict"
                },
                {
                  "py/tuple": []
                },
                null,
                null,
                {
                  "py/tuple": []
                }
              ]
            }
          ]
        }
      ]
    },
    {
      "py/reduce": [
        {
          "py/function": "torch._utils._rebuild_tensor_v2"
        },
        {
          "py/tuple": [
            {
              "py/reduce": [
                {
                  "py/function": "torch.storage._load_from_bytes"
                },
                {
                  "py/tuple": [
                    {
                      "py/b64": "gAKKCmz8nEb5IGqoUBkugAJN6QMugAJ9cQAoWBAAAABwcm90b2NvbF92ZXJzaW9ucQFN6QNYDQAAAGxpdHRsZV9lbmRpYW5xAohYCgAAAHR5cGVfc2l6ZXNxA31xBChYBQAAAHNob3J0cQVLAlgDAAAAaW50cQZLBFgEAAAAbG9uZ3EHSwR1dS6AAihYBwAAAHN0b3JhZ2VxAGN0b3JjaApGbG9hdFN0b3JhZ2UKcQFYCQAAADI4MDE0MzIwMHECWAYAAABjdWRhOjBxA0sBTnRxBFEugAJdcQBYCQAAADI4MDE0MzIwMHEBYS4BAAAAAAAAADEBCEU="
                    }
                  ]
                }
              ]
            },
            0,
            {
              "py/tuple": []
            },
            {
              "py/tuple": []
            },
            false,
            {
              "py/reduce": [
                {
                  "py/type": "collections.OrderedDict"
                },
                {
                  "py/tuple": []
                },
                null,
                null,
                {
                  "py/tuple": []
                }
              ]
            }
          ]
        }
      ]
    },
    {
      "py/reduce": [
        {
          "py/function": "torch._utils._rebuild_tensor_v2"
        },
        {
          "py/tuple": [
            {
              "py/reduce": [
                {
                  "py/function": "torch.storage._load_from_bytes"
                },
                {
                  "py/tuple": [
                    {
                      "py/b64": "gAKKCmz8nEb5IGqoUBkugAJN6QMugAJ9cQAoWBAAAABwcm90b2NvbF92ZXJzaW9ucQFN6QNYDQAAAGxpdHRsZV9lbmRpYW5xAohYCgAAAHR5cGVfc2l6ZXNxA31xBChYBQAAAHNob3J0cQVLAlgDAAAAaW50cQZLBFgEAAAAbG9uZ3EHSwR1dS6AAihYBwAAAHN0b3JhZ2VxAGN0b3JjaApGbG9hdFN0b3JhZ2UKcQFYCQAAADY0NTIxNjM2OHECWAYAAABjdWRhOjBxA0sBTnRxBFEugAJdcQBYCQAAADY0NTIxNjM2OHEBYS4BAAAAAAAAAFr0DUU="
                    }
                  ]
                }
              ]
            },
            0,
            {
              "py/tuple": []
            },
            {
              "py/tuple": []
            },
            false,
            {
              "py/reduce": [
                {
                  "py/type": "collections.OrderedDict"
                },
                {
                  "py/tuple": []
                },
                null,
                null,
                {
                  "py/tuple": []
                }
              ]
            }
          ]
        }
      ]
    },
    {
      "py/reduce": [
        {
          "py/function": "torch._utils._rebuild_tensor_v2"
        },
        {
          "py/tuple": [
            {
              "py/reduce": [
                {
                  "py/function": "torch.storage._load_from_bytes"
                },
                {
                  "py/tuple": [
                    {
                      "py/b64": "gAKKCmz8nEb5IGqoUBkugAJN6QMugAJ9cQAoWBAAAABwcm90b2NvbF92ZXJzaW9ucQFN6QNYDQAAAGxpdHRsZV9lbmRpYW5xAohYCgAAAHR5cGVfc2l6ZXNxA31xBChYBQAAAHNob3J0cQVLAlgDAAAAaW50cQZLBFgEAAAAbG9uZ3EHSwR1dS6AAihYBwAAAHN0b3JhZ2VxAGN0b3JjaApGbG9hdFN0b3JhZ2UKcQFYCQAAADU1NjMyNjQ5NnECWAYAAABjdWRhOjBxA0sBTnRxBFEugAJdcQBYCQAAADU1NjMyNjQ5NnEBYS4BAAAAAAAAAMFZ0UQ="
                    }
                  ]
                }
              ]
            },
            0,
            {
              "py/tuple": []
            },
            {
              "py/tuple": []
            },
            false,
            {
              "py/reduce": [
                {
