{
  "battle_won_mean": [
    0.0,
    0.0,
    0.0,
    0.0,
    0.0
  ],
  "battle_won_mean_T": [
    11,
    10012,
    20021,
    30027,
    40038
  ],
  "ep_length_mean": [
    11.0,
    12.707750952986023,
    12.574120603015075,
    12.73027989821883,
    12.640151515151516
  ],
  "ep_length_mean_T": [
    11,
    10012,
    20021,
    30027,
    40038
  ],
  "episode": [
    788,
    1584,
    2370,
    3162
  ],
  "episode_T": [
    10012,
    20021,
    30027,
    40038
  ],
  "epsilon": [
    1.0,
    0.9810038,
    0.9619848,
    0.9429753,
    0.9239544
  ],
  "epsilon_T": [
    11,
    10012,
    20021,
    30027,
    40038
  ],
  "gate_max": [
    1.6221368312835693,
    1.1025828123092651,
    0.9956677556037903,
    0.9540481567382812,
    1.0642707347869873
  ],
  "gate_max_T": [
    399,
    10402,
    20410,
    30410,
    40414
  ],
  "gate_mean": [
    1.0663073062896729,
    0.5052408576011658,
    0.43065381050109863,
    0.4368950128555298,
    0.47195953130722046
  ],
  "gate_mean_T": [
    399,
    10402,
    20410,
    30410,
    40414
  ],
  "gate_min": [
    0.49742448329925537,
    0.06261733919382095,
    0.03906635567545891,
    0.056159283965826035,
    0.07129047065973282
  ],
  "gate_min_T": [
    399,
    10402,
    20410,
    30410,
    40414
  ],
  "gate_std": [
    0.20246946811676025,
    0.20481306314468384,
    0.18654319643974304,
    0.1890653520822525,
    0.1893712729215622
  ],
  "gate_std_T": [
    399,
    10402,
    20410,
    30410,
    40414
  ],
  "grad_norm": [
    {
      "py/reduce": [
        {
          "py/function": "torch._utils._rebuild_tensor_v2"
        },
        {
          "py/tuple": [
            {
              "py/reduce": [
                {
                  "py/function": "torch.storage._load_from_bytes"
                },
                {
                  "py/tuple": [
                    {
                      "py/b64": "gAKKCmz8nEb5IGqoUBkugAJN6QMugAJ9cQAoWBAAAABwcm90b2NvbF92ZXJzaW9ucQFN6QNYDQAAAGxpdHRsZV9lbmRpYW5xAohYCgAAAHR5cGVfc2l6ZXNxA31xBChYBQAAAHNob3J0cQVLAlgDAAAAaW50cQZLBFgEAAAAbG9uZ3EHSwR1dS6AAihYBwAAAHN0b3JhZ2VxAGN0b3JjaApGbG9hdFN0b3JhZ2UKcQFYCgAAADEzNTkzMjEyODBxAlgGAAAAY3VkYTowcQNLAU50cQRRLoACXXEAWAoAAAAxMzU5MzIxMjgwcQFhLgEAAAAAAAAAdP+rSQ=="
                    }
                  ]
                }
              ]
            },
            0,
            {
              "py/tuple": []
            },
            {
              "py/tuple": []
            },
            false,
            {
              "py/reduce": [
                {
                  "py/type": "collections.OrderedDict"
                },
                {
                  "py/tuple": []
                },
                null,
                null,
                {
                  "py/tuple": []
                }
              ]
            }
          ]
        }
      ]
    },
    {
      "py/reduce": [
        {
          "py/function": "torch._utils._rebuild_tensor_v2"
        },
        {
          "py/tuple": [
            {
              "py/reduce": [
                {
                  "py/function": "torch.storage._load_from_bytes"
                },
                {
                  "py/tuple": [
                    {
                      "py/b64": "gAKKCmz8nEb5IGqoUBkugAJN6QMugAJ9cQAoWBAAAABwcm90b2NvbF92ZXJzaW9ucQFN6QNYDQAAAGxpdHRsZV9lbmRpYW5xAohYCgAAAHR5cGVfc2l6ZXNxA31xBChYBQAAAHNob3J0cQVLAlgDAAAAaW50cQZLBFgEAAAAbG9uZ3EHSwR1dS6AAihYBwAAAHN0b3JhZ2VxAGN0b3JjaApGbG9hdFN0b3JhZ2UKcQFYCgAAADEzNjQxMTg5NjBxAlgGAAAAY3VkYTowcQNLAU50cQRRLoACXXEAWAoAAAAxMzY0MTE4OTYwcQFhLgEAAAAAAAAAQqtDRQ=="
                    }
                  ]
                }
              ]
            },
            0,
            {
              "py/tuple": []
            },
            {
              "py/tuple": []
            },
            false,
            {
              "py/reduce": [
                {
                  "py/type": "collections.OrderedDict"
                },
                {
                  "py/tuple": []
                },
                null,
                null,
                {
                  "py/tuple": []
                }
              ]
            }
          ]
        }
      ]
    },
    {
      "py/reduce": [
        {
          "py/function": "torch._utils._rebuild_tensor_v2"
        },
        {
          "py/tuple": [
            {
              "py/reduce": [
                {
                  "py/function": "torch.storage._load_from_bytes"
                },
                {
                  "py/tuple": [
                    {
                      "py/b64": "gAKKCmz8nEb5IGqoUBkugAJN6QMugAJ9cQAoWBAAAABwcm90b2NvbF92ZXJzaW9ucQFN6QNYDQAAAGxpdHRsZV9lbmRpYW5xAohYCgAAAHR5cGVfc2l6ZXNxA31xBChYBQAAAHNob3J0cQVLAlgDAAAAaW50cQZLBFgEAAAAbG9uZ3EHSwR1dS6AAihYBwAAAHN0b3JhZ2VxAGN0b3JjaApGbG9hdFN0b3JhZ2UKcQFYCgAAADEzNjQ0NzY4MzJxAlgGAAAAY3VkYTowcQNLAU50cQRRLoACXXEAWAoAAAAxMzY0NDc2ODMycQFhLgEAAAAAAAAAxm4dRQ=="
                    }
                  ]
                }
              ]
            },
            0,
            {
              "py/tuple": []
            },
            {
              "py/tuple": []
            },
            false,
            {
              "py/reduce": [
                {
                  "py/type": "collections.OrderedDict"
                },
                {
                  "py/tuple": []
                },
                null,
                null,
                {
                  "py/tuple": []
                }
              ]
            }
          ]
        }
      ]
    },
    {
      "py/reduce": [
        {
          "py/function": "torch._utils._rebuild_tensor_v2"
        },
        {
          "py/tuple": [
            {
              "py/reduce": [
                {
                  "py/function": "torch.storage._load_from_bytes"
                },
                {
                  "py/tuple": [
                    {
                      "py/b64": "gAKKCmz8nEb5IGqoUBkugAJN6QMugAJ9cQAoWBAAAABwcm90b2NvbF92ZXJzaW9ucQFN6QNYDQAAAGxpdHRsZV9lbmRpYW5xAohYCgAAAHR5cGVfc2l6ZXNxA31xBChYBQAAAHNob3J0cQVLAlgDAAAAaW50cQZLBFgEAAAAbG9uZ3EHSwR1dS6AAihYBwAAAHN0b3JhZ2VxAGN0b3JjaApGbG9hdFN0b3JhZ2UKcQFYCgAAADEzNjMxNTgwODBxAlgGAAAAY3VkYTowcQNLAU50cQRRLoACXXEAWAoAAAAxMzYzMTU4MDgwcQFhLgEAAAAAAAAAi0bIRA=="
                    }
                  ]
                }
              ]
            },
            0,
            {
              "py/tuple": []
            },
            {
              "py/tuple": []
            },
            false,
            {
              "py/reduce": [
                {
                  "py/type": "collections.OrderedDict"
                },
                {
                  "py/tuple": []
                },
                null,
                null,
                {
                  "py/tuple": []
                }
              ]
            }
          ]
        }
      ]
    },
    {
      "py/reduce": [
        {
          "py/function": "torch._utils._rebuild_tensor_v2"
        },
        {
          "py/tuple": [
            {
              "py/reduce": [
                {
                  "py/function": "torch.storage._load_from_bytes"
                },
                {
                  "py/tuple": [
                    {
                      "py/b64": "gAKKCmz8nEb5IGqoUBkugAJN6QMugAJ9cQAoWBAAAABwcm90b2NvbF92ZXJzaW9ucQFN6QNYDQAAAGxpdHRsZV9lbmRpYW5xAohYCgAAAHR5cGVfc2l6ZXNxA31xBChYBQAAAHNob3J0cQVLAlgDAAAAaW50cQZLBFgEAAAAbG9uZ3EHSwR1dS6AAihYBwAAAHN0b3JhZ2VxAGN0b3JjaApGbG9hdFN0b3JhZ2UKcQFYCgAAADEzNTg4NDM1NjhxAlgGAAAAY3VkYTowcQNLAU50cQRRLoACXXEAWAoAAAAxMzU4ODQzNTY4cQFhLgEAAAAAAAAA+9IpRQ=="
                    }
                  ]
                }
              ]
            },
            0,
            {
              "py/tuple": []
            },
            {
              "py/tuple": []
            },
            false,
            {
              "py/reduce": [
                {
